id,firstname,middlename,lastname,email,phone,address1,city,zip,state,country,create_ts,update_ts,partyid
0133000001HW0gJAAT,Catelyn,Hoster,Stark,catelyn.stark@gmail.com,763 658 5241,699 coughlin,Des Plaines,19632,DE,US,2012-11-02T05:57:00.000Z,2016-09-20T17:56:00.000Z,41901
0133000001HWBC8AAP,Catelyn,Hoster,Stark,catelyn.stark@gmail.com,(163)- 213- 5219,461 romer Apartment 2,Oxted,34578,KY,US,2007-04-17T22:50:00.000Z,2017-03-10T14:29:00.000Z,
0133000001NsM9CAAV,Catelyn,,Stark,cate.hobby@yahoo.com,763 658 5241,,,,,,2011-05-19T21:40:00.000Z,2017-11-07T00:33:00.000Z,
0133000001NsM9CABC,Catelyn,,Stark,cathy.stark@comcast.com,(600)- 812 1234,461 romer Apartment 2,Oxted,34578,KY,US,2007-04-17T22:50:00.000Z,2017-03-10T14:29:00.000Z,
0133000001NsM9CHGA,Catelyn,Hoster,Tully,catelyn.tully@gmail.com,(888)- 555- 1951,,,,,,2007-04-17T22:50:00.000Z,2017-03-10T14:29:00.000Z,41901